Model,Split,RMSE,MAE,R2,R,MAPE
GC-GNN,Test,2.5778731714425387,1.2406085729599,0.8367884026148487,0.9219469664231238,0.11534625291824341
GNN,Test,5.206021256018384,2.4690287113189697,0.3343594222119546,0.7938377637562748,0.2247452437877655
GC,Test,5.629515128523538,3.2036421298980713,0.2216590169588657,0.48079827571054684,0.26883336901664734
GC-GNN,Val,2.568976707385569,1.1244497299194336,0.9563349879524873,0.9779355870992292,0.07043545693159103
GNN,Val,6.246265363691519,2.518296241760254,0.7418606871049266,0.8645848825552107,0.18567658960819244
GC,Val,10.368101837152565,4.548056602478027,0.28876726800091557,0.5619772225455848,0.3008008301258087
