Model,Split,RMSE,MAE,R2,R,MAPE
GC-GNN,Test,3.541078780505813,1.6148391962051392,0.3052578336004611,0.7077849357901628,0.45121946930885315
GNN,Test,3.6856532240717317,1.4822057485580444,0.24737018972489966,0.7154027791176635,0.37966713309288025
GC,Test,3.9070827969676865,1.5691009759902954,0.15421946951186383,0.4657177445714837,0.5843111276626587
GC-GNN,Val,1.112841656545818,0.46473726630210876,0.9849538309766871,0.9927570534947945,0.07231420278549194
GNN,Val,5.879993021435392,2.532025098800659,0.5799385827768583,0.7834440837060836,0.322521835565567
GC,Val,8.938319455440157,4.604006290435791,0.02933144997509396,0.6103575580437773,2.2740485668182373
