Model,Split,RMSE,MAE,R2,R,MAPE
GC-GNN,Test,1.1865919054158738,0.8599255681037903,0.7941828805987048,0.9280052547971664,0.145456925034523
GNN,Test,6.516124093313669,2.930645704269409,-5.206652117380165,0.5689047000884837,0.4703308939933777
GC,Test,2.8073083220054444,2.4767394065856934,-0.152017127244491,0.6323706912592513,0.4529663622379303
GC-GNN,Val,2.523038850361958,1.2604972124099731,0.9509906783844779,0.9756329101051886,0.07515736669301987
GNN,Val,5.7006271954182886,2.582502603530884,0.7498064713606534,0.8668389149221412,0.15217897295951843
GC,Val,10.275980703511724,4.777100563049316,0.18702470803617788,0.46197896717581766,0.28281068801879883
