Model,Split,RMSE,MAE,R2,R,MAPE
GC-GNN,Test,5.660823090355565,3.2480151653289795,0.6036682275584662,0.8311003975367107,0.25933024287223816
GNN,Test,7.638736546085865,4.611896514892578,0.2783231424759539,0.6697536237753691,0.45897167921066284
GC,Test,11.910841009136252,7.395540237426758,-0.7546260346931308,0.5703484607794678,0.6439761519432068
GC-GNN,Val,0.8865287341900696,0.49420464038848877,0.9988733543068699,0.9994505140059973,0.03224639967083931
GNN,Val,15.546123175916923,8.060552597045898,0.6535457529973957,0.8113780925936964,0.4089978337287903
GC,Val,19.590656529126008,13.316184997558594,0.4498264601757942,0.6888767540356383,0.8844624161720276
