Model,Split,RMSE,MAE,R2,R,MAPE
GC-GNN,Test,0.6796008526173093,0.380924254655838,0.7775491358297906,0.9029945671304531,0.2404838651418686
GNN,Test,3.7823796121886923,1.5164556503295898,-5.89059152104436,0.711716547895838,0.7976313829421997
GC,Test,1.2419937270554324,0.7502289414405823,0.25704064168812035,0.7252783926621392,0.4627220630645752
GC-GNN,Val,2.045703814952385,0.8242766857147217,0.8541022865769955,0.9265215253158907,0.19986851513385773
GNN,Val,3.2688662856589996,1.2317397594451904,0.627473417054347,0.7952388836817778,0.2723062336444855
GC,Val,5.039090888364802,2.18513560295105,0.11474712720216607,0.40772781776850453,0.9144672751426697
