Model,Split,RMSE,MAE,R2,R,MAPE
GC-GNN,Test,3.7326902795058263,1.3974500894546509,0.41550832250959147,0.6925179019065647,0.331289678812027
GNN,Test,4.467044318067059,1.7295067310333252,0.1629046321387686,0.7465594043622616,0.4025351107120514
GC,Test,4.477292731944107,1.7994053363800049,0.15905932231068542,0.4601060988907193,0.7117367386817932
GC-GNN,Val,0.5157857990959887,0.23693245649337769,0.9879305598264023,0.9949022706039878,0.0611954927444458
GNN,Val,2.9474450442923508,1.3267138004302979,0.6058696954859533,0.8009406334219864,0.2941288948059082
GC,Val,4.478028381966473,2.533468246459961,0.09025003319660696,0.6387870754368772,1.5115774869918823
