Model,Split,RMSE,MAE,R2,R,MAPE
GC-GNN,Test,5.353236472622101,3.0288126468658447,0.6337855440702836,0.8487620859619964,0.23146598041057587
GNN,Test,5.964256952247417,2.988814353942871,0.5454147866290077,0.7460071924445788,0.2795255780220032
GC,Test,12.200126797376752,7.488245010375977,-0.9020912132909722,0.5809277712398553,0.652030348777771
GC-GNN,Val,0.7855192265892281,0.4428729712963104,0.9987248636725264,0.9993725053722057,0.03221854567527771
GNN,Val,13.066452377534423,5.974665641784668,0.6471758020338878,0.8243985670376311,0.26164060831069946
GC,Val,17.07448461600946,11.88736343383789,0.3975261780500695,0.6464276533521772,0.8836737275123596
