Model,Split,RMSE,MAE,R2,R,MAPE
GC-GNN,Test,3.1048544990000635,1.3746048212051392,0.8228286232783659,0.9206596070291895,0.30163678526878357
GNN,Test,6.255534048967599,2.2959086894989014,0.2808162392819924,0.8129842213514761,0.3056924045085907
GC,Test,6.847313915341154,3.659701108932495,0.13830903990706322,0.3758966605949834,1.7594548463821411
GC-GNN,Val,0.8159743631393447,0.35937929153442383,0.9071890104188187,0.9528680605782962,0.12820176780223846
GNN,Val,1.5178761232615878,0.6821896433830261,0.6788417845447478,0.8269178169794074,0.2419794499874115
GC,Val,2.2120079441652214,1.116080403327942,0.31794436233427614,0.590016644312456,0.6529549360275269
