Model,Split,RMSE,MAE,R2,R,MAPE
GC-GNN,Test,9.151919020901392,5.076093673706055,-0.0867010594709492,0.7660933261615233,0.40445083379745483
GNN,Test,7.392362168658756,3.935863971710205,0.29099025184907656,0.5480649150120712,0.38161501288414
GC,Test,11.245392597650513,6.934506893157959,-0.6407220812002561,0.5842533348217036,0.609126091003418
GC-GNN,Val,0.9707017127166852,0.6142018437385559,0.9986225601607005,0.9993178366391312,0.038740675896406174
GNN,Val,13.949751460004526,8.05115032196045,0.7155316080130583,0.846692791919223,0.2763923108577728
GC,Val,21.073442192017716,16.217527389526367,0.35080972673679867,0.6205478746489397,1.0420440435409546
