Model,Split,RMSE,MAE,R2,R,MAPE
GC-GNN,Test,3.7601214827533798,2.309126138687134,0.9370305303105871,0.96951461465705,0.1293436586856842
GNN,Test,13.106415297412262,7.599332332611084,0.23494232132779003,0.9066400205600567,0.3597888648509979
GC,Test,14.682506215545466,7.233356952667236,0.03987738888311043,0.3716828085116456,0.32279515266418457
GC-GNN,Val,1.005937058495208,0.5383695960044861,0.9661968332116604,0.9830610016417205,0.053190700709819794
GNN,Val,2.7066961964592107,1.4008032083511353,0.7552657699809815,0.8733797988679383,0.1411573439836502
GC,Val,4.466885691344812,2.2991251945495605,0.33346121985790955,0.5952129443282671,0.229281485080719
