Model,Split,RMSE,MAE,R2,R,MAPE
GC-GNN,Test,4.319299175494983,1.9751098155975342,-0.054531718173470356,0.4276117802319333,0.5586198568344116
GNN,Test,4.373429370694034,2.017207622528076,-0.08112850635292435,0.33035327741941284,0.5902328491210938
GC,Test,3.88469124056802,1.5638928413391113,0.1470058115623709,0.4671655580651277,0.5823795199394226
GC-GNN,Val,1.5160708214163106,0.61626797914505,0.9821032185770988,0.9911002079319949,0.06638598442077637
GNN,Val,6.77080860622488,3.389765501022339,0.6430420418410746,0.8036731119106947,0.34584128856658936
GC,Val,11.564755111588642,6.438620090484619,-0.04137919064919893,0.596215443462823,2.838346242904663
