Model,Split,RMSE,MAE,R2,R,MAPE
GC-GNN,Test,6.18755425323437,3.691739559173584,0.662452721799881,0.8644149944547358,0.2974589765071869
GNN,Test,9.518483701851984,4.427995204925537,0.20121086623675588,0.7322933326128507,0.2733910083770752
GC,Test,14.28170301524384,8.75085163116455,-0.7982771480613142,0.5532091529178752,0.7378793954849243
GC-GNN,Val,0.32462038877603033,0.2072591483592987,0.9991044888213159,0.999559215381721,0.02250107005238533
GNN,Val,6.262558184142134,3.461111545562744,0.6667094632538882,0.8284685004189047,0.23628953099250793
GC,Val,8.22290027102284,6.2817463874816895,0.4253949050143849,0.6688395694437419,0.6996854543685913
