Model,Split,RMSE,MAE,R2,R,MAPE
GC-GNN,Test,1.469378641205969,0.6154516935348511,0.806643517107051,0.9157412521184719,0.20443294942378998
GNN,Test,2.2854227024811213,1.017065405845642,0.5322385935341489,0.7651796506965688,0.32967308163642883
GC,Test,3.0451293639717103,1.5121874809265137,0.16957039210791203,0.5334543459217467,0.739479660987854
GC-GNN,Val,2.084441259151719,0.6945365071296692,0.8561562645984377,0.9266886998180917,0.16439957916736603
GNN,Val,3.61907382497884,1.2369064092636108,0.5663827268299485,0.7696384273232454,0.29590702056884766
GC,Val,5.083375065533209,1.9778711795806885,0.14450796750798234,0.44553930622784776,0.8495191931724548
